shop_id,name,item_type,item_index,is_new,is_best,is_hot,shop_batter_section,shop_pitcher_section,shop_consume_section,sell_start_date,sell_end_date,price_money,price_cash,price_type,sell_status
1,item_bat_e1,ESIT_Sys_ItemEquip,2,0,0,0,ESBS_B,ESPS_NULL,ESCS_NULL,2012_06_06,2012_12_06,1000,0,IPT_MONEY,ISS_SELL
2,item_bat_d1,ESIT_Sys_ItemEquip,3,0,0,0,ESBS_B,ESPS_NULL,ESCS_NULL,2012_06_06,2012_12_06,3000,0,IPT_MONEY,ISS_SELL
3,item_bat_c1,ESIT_Sys_ItemEquip,4,0,0,0,ESBS_B,ESPS_NULL,ESCS_NULL,2012_06_06,2012_12_06,5000,0,IPT_MONEY,ISS_SELL
4,item_bat_b1,ESIT_Sys_ItemEquip,5,0,0,0,ESBS_B,ESPS_NULL,ESCS_NULL,2012_06_06,2012_12_06,10000,0,IPT_MONEY,ISS_SELL
5,item_bat_a1,ESIT_Sys_ItemEquip,6,0,0,0,ESBS_B,ESPS_NULL,ESCS_NULL,2012_06_06,2012_12_06,50000,0,IPT_MONEY,ISS_SELL
6,item_bat_s1,ESIT_Sys_ItemEquip,7,0,0,0,ESBS_B,ESPS_NULL,ESCS_NULL,2012_06_06,2012_12_06,0,300,IPT_CASH,ISS_SELL
7,item_ball_e1,ESIT_Sys_ItemEquip,10,0,0,0,ESBS_NULL,ESPS_B,ESCS_NULL,2012_06_06,2012_12_06,1000,0,IPT_MONEY,ISS_SELL
8,item_ball_d1,ESIT_Sys_ItemEquip,11,0,0,0,ESBS_NULL,ESPS_B,ESCS_NULL,2012_06_06,2012_12_06,3000,0,IPT_MONEY,ISS_SELL
9,item_ball_c1,ESIT_Sys_ItemEquip,12,0,0,0,ESBS_NULL,ESPS_B,ESCS_NULL,2012_06_06,2012_12_06,5000,0,IPT_MONEY,ISS_SELL
10,item_ball_b1,ESIT_Sys_ItemEquip,13,0,0,0,ESBS_NULL,ESPS_B,ESCS_NULL,2012_06_06,2012_12_06,10000,0,IPT_MONEY,ISS_SELL
11,item_ball_a1,ESIT_Sys_ItemEquip,14,0,0,0,ESBS_NULL,ESPS_B,ESCS_NULL,2012_06_06,2012_12_06,50000,0,IPT_MONEY,ISS_SELL
12,item_ball_s1,ESIT_Sys_ItemEquip,15,0,0,0,ESBS_NULL,ESPS_B,ESCS_NULL,2012_06_06,2012_12_06,0,300,IPT_CASH,ISS_SELL
13,item_helmet_e1,ESIT_Sys_ItemEquip,17,0,0,0,ESBS_A,ESPS_NULL,ESCS_NULL,2012_06_06,2012_12_06,1000,0,IPT_MONEY,ISS_SELL
14,item_helmet_d1,ESIT_Sys_ItemEquip,18,0,0,0,ESBS_A,ESPS_NULL,ESCS_NULL,2012_06_06,2012_12_06,3000,0,IPT_MONEY,ISS_SELL
15,item_helmet_c1,ESIT_Sys_ItemEquip,19,0,0,0,ESBS_A,ESPS_NULL,ESCS_NULL,2012_06_06,2012_12_06,5000,0,IPT_MONEY,ISS_SELL
16,item_helmet_b1,ESIT_Sys_ItemEquip,20,0,0,0,ESBS_A,ESPS_NULL,ESCS_NULL,2012_06_06,2012_12_06,10000,0,IPT_MONEY,ISS_SELL
17,item_helmet_a1,ESIT_Sys_ItemEquip,21,0,0,0,ESBS_A,ESPS_NULL,ESCS_NULL,2012_06_06,2012_12_06,50000,0,IPT_MONEY,ISS_SELL
18,item_helmet_s1,ESIT_Sys_ItemEquip,22,0,0,0,ESBS_A,ESPS_NULL,ESCS_NULL,2012_06_06,2012_12_06,0,300,IPT_CASH,ISS_SELL
19,item_cap_e1,ESIT_Sys_ItemEquip,24,0,0,0,ESBS_NULL,ESPS_A,ESCS_NULL,2012_06_06,2012_12_06,1000,0,IPT_MONEY,ISS_SELL
20,item_cap_d1,ESIT_Sys_ItemEquip,25,0,0,0,ESBS_NULL,ESPS_A,ESCS_NULL,2012_06_06,2012_12_06,3000,0,IPT_MONEY,ISS_SELL
21,item_cap_c1,ESIT_Sys_ItemEquip,26,0,0,0,ESBS_NULL,ESPS_A,ESCS_NULL,2012_06_06,2012_12_06,5000,0,IPT_MONEY,ISS_SELL
22,item_cap_b1,ESIT_Sys_ItemEquip,27,0,0,0,ESBS_NULL,ESPS_A,ESCS_NULL,2012_06_06,2012_12_06,10000,0,IPT_MONEY,ISS_SELL
23,item_cap_a1,ESIT_Sys_ItemEquip,28,0,0,0,ESBS_NULL,ESPS_A,ESCS_NULL,2012_06_06,2012_12_06,50000,0,IPT_MONEY,ISS_SELL
24,item_cap_s1,ESIT_Sys_ItemEquip,29,0,0,0,ESBS_NULL,ESPS_A,ESCS_NULL,2012_06_06,2012_12_06,0,300,IPT_CASH,ISS_SELL
25,item_globe_e1,ESIT_Sys_ItemEquip,31,0,0,0,ESBS_C,ESPS_NULL,ESCS_NULL,2012_06_06,2012_12_06,1000,0,IPT_MONEY,ISS_SELL
26,item_globe_d1,ESIT_Sys_ItemEquip,32,0,0,0,ESBS_C,ESPS_NULL,ESCS_NULL,2012_06_06,2012_12_06,3000,0,IPT_MONEY,ISS_SELL
27,item_globe_c1,ESIT_Sys_ItemEquip,33,0,0,0,ESBS_C,ESPS_NULL,ESCS_NULL,2012_06_06,2012_12_06,5000,0,IPT_MONEY,ISS_SELL
28,item_globe_b1,ESIT_Sys_ItemEquip,34,0,0,0,ESBS_C,ESPS_NULL,ESCS_NULL,2012_06_06,2012_12_06,10000,0,IPT_MONEY,ISS_SELL
29,item_globe_a1,ESIT_Sys_ItemEquip,35,0,0,0,ESBS_C,ESPS_NULL,ESCS_NULL,2012_06_06,2012_12_06,50000,0,IPT_MONEY,ISS_SELL
30,item_globe_s1,ESIT_Sys_ItemEquip,36,0,0,0,ESBS_C,ESPS_NULL,ESCS_NULL,2012_06_06,2012_12_06,0,300,IPT_CASH,ISS_SELL
31,item_glove_e1,ESIT_Sys_ItemEquip,38,0,0,0,ESBS_NULL,ESPS_C,ESCS_NULL,2012_06_06,2012_12_06,1000,0,IPT_MONEY,ISS_SELL
32,item_glove_d1,ESIT_Sys_ItemEquip,39,0,0,0,ESBS_NULL,ESPS_C,ESCS_NULL,2012_06_06,2012_12_06,3000,0,IPT_MONEY,ISS_SELL
33,item_glove_c1,ESIT_Sys_ItemEquip,40,0,0,0,ESBS_NULL,ESPS_C,ESCS_NULL,2012_06_06,2012_12_06,5000,0,IPT_MONEY,ISS_SELL
34,item_glove_b1,ESIT_Sys_ItemEquip,41,0,0,0,ESBS_NULL,ESPS_C,ESCS_NULL,2012_06_06,2012_12_06,10000,0,IPT_MONEY,ISS_SELL
35,item_glove_a1,ESIT_Sys_ItemEquip,42,0,0,0,ESBS_NULL,ESPS_C,ESCS_NULL,2012_06_06,2012_12_06,50000,0,IPT_MONEY,ISS_SELL
36,item_glove_s1,ESIT_Sys_ItemEquip,43,0,0,0,ESBS_NULL,ESPS_C,ESCS_NULL,2012_06_06,2012_12_06,0,300,IPT_CASH,ISS_SELL
37,item_shoes_b_e1,ESIT_Sys_ItemEquip,46,0,0,0,ESBS_D,ESPS_NULL,ESCS_NULL,2012_06_06,2012_12_06,1000,0,IPT_MONEY,ISS_SELL
38,item_shoes_b_d1,ESIT_Sys_ItemEquip,47,0,0,0,ESBS_D,ESPS_NULL,ESCS_NULL,2012_06_06,2012_12_06,3000,0,IPT_MONEY,ISS_SELL
39,item_shoes_b_c1,ESIT_Sys_ItemEquip,48,0,0,0,ESBS_D,ESPS_NULL,ESCS_NULL,2012_06_06,2012_12_06,5000,0,IPT_MONEY,ISS_SELL
40,item_shoes_b_b1,ESIT_Sys_ItemEquip,49,0,0,0,ESBS_D,ESPS_NULL,ESCS_NULL,2012_06_06,2012_12_06,10000,0,IPT_MONEY,ISS_SELL
41,item_shoes_b_a1,ESIT_Sys_ItemEquip,50,0,0,0,ESBS_D,ESPS_NULL,ESCS_NULL,2012_06_06,2012_12_06,50000,0,IPT_MONEY,ISS_SELL
42,item_shoes_b_s1,ESIT_Sys_ItemEquip,51,0,0,0,ESBS_D,ESPS_NULL,ESCS_NULL,2012_06_06,2012_12_06,0,300,IPT_CASH,ISS_SELL
43,item_shoes_p_e1,ESIT_Sys_ItemEquip,53,0,0,0,ESBS_NULL,ESPS_D,ESCS_NULL,2012_06_06,2012_12_06,1000,0,IPT_MONEY,ISS_SELL
44,item_shoes_p_d1,ESIT_Sys_ItemEquip,54,0,0,0,ESBS_NULL,ESPS_D,ESCS_NULL,2012_06_06,2012_12_06,3000,0,IPT_MONEY,ISS_SELL
45,item_shoes_p_c1,ESIT_Sys_ItemEquip,55,0,0,0,ESBS_NULL,ESPS_D,ESCS_NULL,2012_06_06,2012_12_06,5000,0,IPT_MONEY,ISS_SELL
46,item_shoes_p_b1,ESIT_Sys_ItemEquip,56,0,0,0,ESBS_NULL,ESPS_D,ESCS_NULL,2012_06_06,2012_12_06,10000,0,IPT_MONEY,ISS_SELL
47,item_shoes_p_a1,ESIT_Sys_ItemEquip,57,0,0,0,ESBS_NULL,ESPS_D,ESCS_NULL,2012_06_06,2012_12_06,50000,0,IPT_MONEY,ISS_SELL
48,item_shoes_p_s1,ESIT_Sys_ItemEquip,58,0,0,0,ESBS_NULL,ESPS_D,ESCS_NULL,2012_06_06,2012_12_06,0,300,IPT_CASH,ISS_SELL
49,item_shirt_m_e1,ESIT_Sys_ItemEquip,60,0,0,0,ESBS_E,ESPS_E,ESCS_NULL,2012_06_06,2012_12_06,500,0,IPT_MONEY,ISS_SELL
50,item_shirt_m_d1,ESIT_Sys_ItemEquip,61,0,0,0,ESBS_E,ESPS_E,ESCS_NULL,2012_06_06,2012_12_06,1000,0,IPT_MONEY,ISS_SELL
51,item_shirt_m_c1,ESIT_Sys_ItemEquip,62,0,0,0,ESBS_E,ESPS_E,ESCS_NULL,2012_06_06,2012_12_06,3000,0,IPT_MONEY,ISS_SELL
52,item_shirt_m_b1,ESIT_Sys_ItemEquip,63,0,0,0,ESBS_E,ESPS_E,ESCS_NULL,2012_06_06,2012_12_06,5000,0,IPT_MONEY,ISS_SELL
53,item_shirt_m_a1,ESIT_Sys_ItemEquip,65,0,0,0,ESBS_E,ESPS_E,ESCS_NULL,2012_06_06,2012_12_06,7000,0,IPT_MONEY,ISS_SELL
54,item_shirt_m_s1,ESIT_Sys_ItemEquip,67,0,0,0,ESBS_E,ESPS_E,ESCS_NULL,2012_06_06,2012_12_06,14000,0,IPT_MONEY,ISS_SELL
55,item_pant_m_e1,ESIT_Sys_ItemEquip,71,0,0,0,ESBS_E,ESPS_E,ESCS_NULL,2012_06_06,2012_12_06,500,0,IPT_MONEY,ISS_SELL
56,item_pant_m_d1,ESIT_Sys_ItemEquip,72,0,0,0,ESBS_E,ESPS_E,ESCS_NULL,2012_06_06,2012_12_06,1000,0,IPT_MONEY,ISS_SELL
57,item_pant_m_c1,ESIT_Sys_ItemEquip,73,0,0,0,ESBS_E,ESPS_E,ESCS_NULL,2012_06_06,2012_12_06,3000,0,IPT_MONEY,ISS_SELL
58,item_pant_m_b1,ESIT_Sys_ItemEquip,74,0,0,0,ESBS_E,ESPS_E,ESCS_NULL,2012_06_06,2012_12_06,5000,0,IPT_MONEY,ISS_SELL
59,item_pant_m_a1,ESIT_Sys_ItemEquip,76,0,0,0,ESBS_E,ESPS_E,ESCS_NULL,2012_06_06,2012_12_06,7000,0,IPT_MONEY,ISS_SELL
60,item_pant_m_s1,ESIT_Sys_ItemEquip,78,0,0,0,ESBS_E,ESPS_E,ESCS_NULL,2012_06_06,2012_12_06,14000,0,IPT_MONEY,ISS_SELL
61,item_shirt_w_e1,ESIT_Sys_ItemEquip,82,0,0,0,ESBS_E,ESPS_E,ESCS_NULL,2012_06_06,2012_12_06,3000,0,IPT_MONEY,ISS_SELL
62,item_shirt_w_d1,ESIT_Sys_ItemEquip,83,0,0,0,ESBS_E,ESPS_E,ESCS_NULL,2012_06_06,2012_12_06,5000,0,IPT_MONEY,ISS_SELL
63,item_shirt_w_c1,ESIT_Sys_ItemEquip,84,0,0,0,ESBS_E,ESPS_E,ESCS_NULL,2012_06_06,2012_12_06,10000,0,IPT_MONEY,ISS_SELL
64,item_shirt_w_b1,ESIT_Sys_ItemEquip,85,0,0,0,ESBS_E,ESPS_E,ESCS_NULL,2012_06_06,2012_12_06,50000,0,IPT_MONEY,ISS_SELL
65,item_shirt_w_a1,ESIT_Sys_ItemEquip,87,0,0,0,ESBS_E,ESPS_E,ESCS_NULL,2012_06_06,2012_12_06,100000,0,IPT_MONEY,ISS_SELL
66,item_shirt_w_s1,ESIT_Sys_ItemEquip,89,0,0,0,ESBS_E,ESPS_E,ESCS_NULL,2012_06_06,2012_12_06,0,500,IPT_CASH,ISS_SELL
67,item_pant_w_e1,ESIT_Sys_ItemEquip,93,0,0,0,ESBS_E,ESPS_E,ESCS_NULL,2012_06_06,2012_12_06,3000,0,IPT_MONEY,ISS_SELL
68,item_pant_w_d1,ESIT_Sys_ItemEquip,94,0,0,0,ESBS_E,ESPS_E,ESCS_NULL,2012_06_06,2012_12_06,5000,0,IPT_MONEY,ISS_SELL
69,item_pant_w_c1,ESIT_Sys_ItemEquip,95,0,0,0,ESBS_E,ESPS_E,ESCS_NULL,2012_06_06,2012_12_06,10000,0,IPT_MONEY,ISS_SELL
70,item_pant_w_b1,ESIT_Sys_ItemEquip,96,0,0,0,ESBS_E,ESPS_E,ESCS_NULL,2012_06_06,2012_12_06,50000,0,IPT_MONEY,ISS_SELL
71,item_pant_w_a1,ESIT_Sys_ItemEquip,98,0,0,0,ESBS_E,ESPS_E,ESCS_NULL,2012_06_06,2012_12_06,100000,0,IPT_MONEY,ISS_SELL
72,item_pant_w_s1,ESIT_Sys_ItemEquip,100,0,0,0,ESBS_E,ESPS_E,ESCS_NULL,2012_06_06,2012_12_06,0,500,IPT_CASH,ISS_SELL
73,item_undershirt_m_e1,ESIT_Sys_ItemEquip,104,0,0,0,ESBS_E,ESPS_E,ESCS_NULL,2012_06_06,2012_12_06,300,0,IPT_MONEY,ISS_SELL
74,item_undershirt_m_d1,ESIT_Sys_ItemEquip,105,0,0,0,ESBS_E,ESPS_E,ESCS_NULL,2012_06_06,2012_12_06,500,0,IPT_MONEY,ISS_SELL
75,item_undershirt_m_c1,ESIT_Sys_ItemEquip,106,0,0,0,ESBS_E,ESPS_E,ESCS_NULL,2012_06_06,2012_12_06,1000,0,IPT_MONEY,ISS_SELL
76,item_undershirt_m_b1,ESIT_Sys_ItemEquip,107,0,0,0,ESBS_E,ESPS_E,ESCS_NULL,2012_06_06,2012_12_06,3000,0,IPT_MONEY,ISS_SELL
77,item_undershirt_m_a1,ESIT_Sys_ItemEquip,108,0,0,0,ESBS_E,ESPS_E,ESCS_NULL,2012_06_06,2012_12_06,5000,0,IPT_MONEY,ISS_SELL
78,item_undershirt_m_s1,ESIT_Sys_ItemEquip,109,0,0,0,ESBS_E,ESPS_E,ESCS_NULL,2012_06_06,2012_12_06,10000,0,IPT_MONEY,ISS_SELL
79,item_undershirt_w_e1,ESIT_Sys_ItemEquip,111,0,0,0,ESBS_E,ESPS_E,ESCS_NULL,2012_06_06,2012_12_06,500,0,IPT_MONEY,ISS_SELL
80,item_undershirt_w_d1,ESIT_Sys_ItemEquip,112,0,0,0,ESBS_E,ESPS_E,ESCS_NULL,2012_06_06,2012_12_06,1000,0,IPT_MONEY,ISS_SELL
81,item_undershirt_w_c1,ESIT_Sys_ItemEquip,113,0,0,0,ESBS_E,ESPS_E,ESCS_NULL,2012_06_06,2012_12_06,3000,0,IPT_MONEY,ISS_SELL
82,item_undershirt_w_b1,ESIT_Sys_ItemEquip,114,0,0,0,ESBS_E,ESPS_E,ESCS_NULL,2012_06_06,2012_12_06,5000,0,IPT_MONEY,ISS_SELL
83,item_undershirt_w_a1,ESIT_Sys_ItemEquip,115,0,0,0,ESBS_E,ESPS_E,ESCS_NULL,2012_06_06,2012_12_06,7000,0,IPT_MONEY,ISS_SELL
84,item_undershirt_w_s1,ESIT_Sys_ItemEquip,116,0,0,0,ESBS_E,ESPS_E,ESCS_NULL,2012_06_06,2012_12_06,14000,0,IPT_MONEY,ISS_SELL
85,item_socks_m_e1,ESIT_Sys_ItemEquip,118,0,0,0,ESBS_F,ESPS_F,ESCS_NULL,2012_06_06,2012_12_06,100,0,IPT_MONEY,ISS_SELL
86,item_socks_m_d1,ESIT_Sys_ItemEquip,119,0,0,0,ESBS_F,ESPS_F,ESCS_NULL,2012_06_06,2012_12_06,300,0,IPT_MONEY,ISS_SELL
87,item_socks_m_c1,ESIT_Sys_ItemEquip,120,0,0,0,ESBS_F,ESPS_F,ESCS_NULL,2012_06_06,2012_12_06,500,0,IPT_MONEY,ISS_SELL
88,item_socks_m_b1,ESIT_Sys_ItemEquip,121,0,0,0,ESBS_F,ESPS_F,ESCS_NULL,2012_06_06,2012_12_06,1000,0,IPT_MONEY,ISS_SELL
89,item_socks_m_a1,ESIT_Sys_ItemEquip,122,0,0,0,ESBS_F,ESPS_F,ESCS_NULL,2012_06_06,2012_12_06,3000,0,IPT_MONEY,ISS_SELL
90,item_socks_m_s1,ESIT_Sys_ItemEquip,123,0,0,0,ESBS_F,ESPS_F,ESCS_NULL,2012_06_06,2012_12_06,5000,0,IPT_MONEY,ISS_SELL
91,item_socks_w_e1,ESIT_Sys_ItemEquip,125,0,0,0,ESBS_F,ESPS_F,ESCS_NULL,2012_06_06,2012_12_06,1000,0,IPT_MONEY,ISS_SELL
92,item_socks_w_d1,ESIT_Sys_ItemEquip,126,0,0,0,ESBS_F,ESPS_F,ESCS_NULL,2012_06_06,2012_12_06,3000,0,IPT_MONEY,ISS_SELL
93,item_socks_w_c1,ESIT_Sys_ItemEquip,127,0,0,0,ESBS_F,ESPS_F,ESCS_NULL,2012_06_06,2012_12_06,5000,0,IPT_MONEY,ISS_SELL
94,item_socks_w_b1,ESIT_Sys_ItemEquip,128,0,0,0,ESBS_F,ESPS_F,ESCS_NULL,2012_06_06,2012_12_06,10000,0,IPT_MONEY,ISS_SELL
95,item_socks_w_a1,ESIT_Sys_ItemEquip,129,0,0,0,ESBS_F,ESPS_F,ESCS_NULL,2012_06_06,2012_12_06,30000,0,IPT_MONEY,ISS_SELL
96,item_socks_w_s1,ESIT_Sys_ItemEquip,130,0,0,0,ESBS_F,ESPS_F,ESCS_NULL,2012_06_06,2012_12_06,0,300,IPT_CASH,ISS_SELL
97,item_armguard_e1,ESIT_Sys_ItemEquip,132,0,0,0,ESBS_G,ESPS_NULL,ESCS_NULL,2012_06_06,2012_12_06,500,0,IPT_MONEY,ISS_SELL
98,item_armguard_d1,ESIT_Sys_ItemEquip,133,0,0,0,ESBS_G,ESPS_NULL,ESCS_NULL,2012_06_06,2012_12_06,1000,0,IPT_MONEY,ISS_SELL
99,item_armguard_c1,ESIT_Sys_ItemEquip,134,0,0,0,ESBS_G,ESPS_NULL,ESCS_NULL,2012_06_06,2012_12_06,3000,0,IPT_MONEY,ISS_SELL
100,item_armguard_b1,ESIT_Sys_ItemEquip,135,0,0,0,ESBS_G,ESPS_NULL,ESCS_NULL,2012_06_06,2012_12_06,5000,0,IPT_MONEY,ISS_SELL
101,item_armguard_a1,ESIT_Sys_ItemEquip,136,0,0,0,ESBS_G,ESPS_NULL,ESCS_NULL,2012_06_06,2012_12_06,7000,0,IPT_MONEY,ISS_SELL
102,item_armguard_s1,ESIT_Sys_ItemEquip,137,0,0,0,ESBS_G,ESPS_NULL,ESCS_NULL,2012_06_06,2012_12_06,14000,0,IPT_MONEY,ISS_SELL
103,item_legguard_e1,ESIT_Sys_ItemEquip,139,0,0,0,ESBS_G,ESPS_NULL,ESCS_NULL,2012_06_06,2012_12_06,500,0,IPT_MONEY,ISS_SELL
104,item_legguard_d1,ESIT_Sys_ItemEquip,140,0,0,0,ESBS_G,ESPS_NULL,ESCS_NULL,2012_06_06,2012_12_06,1000,0,IPT_MONEY,ISS_SELL
105,item_legguard_c1,ESIT_Sys_ItemEquip,141,0,0,0,ESBS_G,ESPS_NULL,ESCS_NULL,2012_06_06,2012_12_06,3000,0,IPT_MONEY,ISS_SELL
106,item_legguard_b1,ESIT_Sys_ItemEquip,142,0,0,0,ESBS_G,ESPS_NULL,ESCS_NULL,2012_06_06,2012_12_06,5000,0,IPT_MONEY,ISS_SELL
107,item_legguard_a1,ESIT_Sys_ItemEquip,143,0,0,0,ESBS_G,ESPS_NULL,ESCS_NULL,2012_06_06,2012_12_06,7000,0,IPT_MONEY,ISS_SELL
108,item_legguard_s1,ESIT_Sys_ItemEquip,144,0,0,0,ESBS_G,ESPS_NULL,ESCS_NULL,2012_06_06,2012_12_06,14000,0,IPT_MONEY,ISS_SELL
109,item_wriistband_e1,ESIT_Sys_ItemEquip,145,0,0,0,ESBS_F,ESPS_F,ESCS_NULL,2012_06_06,2012_12_06,100,0,IPT_MONEY,ISS_SELL
110,item_wriistband_d1,ESIT_Sys_ItemEquip,146,0,0,0,ESBS_F,ESPS_F,ESCS_NULL,2012_06_06,2012_12_06,300,0,IPT_MONEY,ISS_SELL
111,item_wriistband_c1,ESIT_Sys_ItemEquip,147,0,0,0,ESBS_F,ESPS_F,ESCS_NULL,2012_06_06,2012_12_06,500,0,IPT_MONEY,ISS_SELL
112,item_wriistband_b1,ESIT_Sys_ItemEquip,148,0,0,0,ESBS_F,ESPS_F,ESCS_NULL,2012_06_06,2012_12_06,1000,0,IPT_MONEY,ISS_SELL
113,item_wriistband_a1,ESIT_Sys_ItemEquip,149,0,0,0,ESBS_F,ESPS_F,ESCS_NULL,2012_06_06,2012_12_06,3000,0,IPT_MONEY,ISS_SELL
114,item_wriistband_s1,ESIT_Sys_ItemEquip,150,0,0,0,ESBS_F,ESPS_F,ESCS_NULL,2012_06_06,2012_12_06,5000,0,IPT_MONEY,ISS_SELL
115,item_necklace_e1,ESIT_Sys_ItemEquip,151,0,0,0,ESBS_H,ESPS_G,ESCS_NULL,2012_06_06,2012_12_06,300,0,IPT_MONEY,ISS_SELL
116,item_necklace_d1,ESIT_Sys_ItemEquip,152,0,0,0,ESBS_H,ESPS_G,ESCS_NULL,2012_06_06,2012_12_06,500,0,IPT_MONEY,ISS_SELL
117,item_necklace_c1,ESIT_Sys_ItemEquip,153,0,0,0,ESBS_H,ESPS_G,ESCS_NULL,2012_06_06,2012_12_06,1000,0,IPT_MONEY,ISS_SELL
118,item_necklace_b1,ESIT_Sys_ItemEquip,154,0,0,0,ESBS_H,ESPS_G,ESCS_NULL,2012_06_06,2012_12_06,3000,0,IPT_MONEY,ISS_SELL
119,item_necklace_a1,ESIT_Sys_ItemEquip,155,0,0,0,ESBS_H,ESPS_G,ESCS_NULL,2012_06_06,2012_12_06,5000,0,IPT_MONEY,ISS_SELL
120,item_necklace_s1,ESIT_Sys_ItemEquip,156,0,0,0,ESBS_H,ESPS_G,ESCS_NULL,2012_06_06,2012_12_06,10000,0,IPT_MONEY,ISS_SELL
121,item_ring_e1,ESIT_Sys_ItemEquip,157,0,0,0,ESBS_H,ESPS_G,ESCS_NULL,2012_06_06,2012_12_06,300,0,IPT_MONEY,ISS_SELL
122,item_ring_d1,ESIT_Sys_ItemEquip,158,0,0,0,ESBS_H,ESPS_G,ESCS_NULL,2012_06_06,2012_12_06,500,0,IPT_MONEY,ISS_SELL
123,item_ring_c1,ESIT_Sys_ItemEquip,159,0,0,0,ESBS_H,ESPS_G,ESCS_NULL,2012_06_06,2012_12_06,1000,0,IPT_MONEY,ISS_SELL
124,item_ring_b1,ESIT_Sys_ItemEquip,160,0,0,0,ESBS_H,ESPS_G,ESCS_NULL,2012_06_06,2012_12_06,3000,0,IPT_MONEY,ISS_SELL
125,item_ring_a1,ESIT_Sys_ItemEquip,161,0,0,0,ESBS_H,ESPS_G,ESCS_NULL,2012_06_06,2012_12_06,5000,0,IPT_MONEY,ISS_SELL
126,item_ring_s1,ESIT_Sys_ItemEquip,162,0,0,0,ESBS_H,ESPS_G,ESCS_NULL,2012_06_06,2012_12_06,10000,0,IPT_MONEY,ISS_SELL
127,item_earring_e1,ESIT_Sys_ItemEquip,163,0,0,0,ESBS_H,ESPS_G,ESCS_NULL,2012_06_06,2012_12_06,100,0,IPT_MONEY,ISS_SELL
128,item_earring_d1,ESIT_Sys_ItemEquip,164,0,0,0,ESBS_H,ESPS_G,ESCS_NULL,2012_06_06,2012_12_06,300,0,IPT_MONEY,ISS_SELL
129,item_earring_c1,ESIT_Sys_ItemEquip,165,0,0,0,ESBS_H,ESPS_G,ESCS_NULL,2012_06_06,2012_12_06,500,0,IPT_MONEY,ISS_SELL
130,item_earring_b1,ESIT_Sys_ItemEquip,166,0,0,0,ESBS_H,ESPS_G,ESCS_NULL,2012_06_06,2012_12_06,1000,0,IPT_MONEY,ISS_SELL
131,item_earring_a1,ESIT_Sys_ItemEquip,167,0,0,0,ESBS_H,ESPS_G,ESCS_NULL,2012_06_06,2012_12_06,3000,0,IPT_MONEY,ISS_SELL
132,item_earring_s1,ESIT_Sys_ItemEquip,168,0,0,0,ESBS_H,ESPS_G,ESCS_NULL,2012_06_06,2012_12_06,5000,0,IPT_MONEY,ISS_SELL
133,item_tatoo_b1,ESIT_Sys_ItemEquip,169,0,0,0,ESBS_I,ESPS_H,ESCS_NULL,2012_06_06,2012_12_06,10000,0,IPT_MONEY,ISS_SELL
134,item_tatoo_a1,ESIT_Sys_ItemEquip,170,0,0,0,ESBS_I,ESPS_H,ESCS_NULL,2012_06_06,2012_12_06,30000,0,IPT_MONEY,ISS_SELL
135,item_tatoo_s1,ESIT_Sys_ItemEquip,171,0,0,0,ESBS_I,ESPS_H,ESCS_NULL,2012_06_06,2012_12_06,50000,0,IPT_MONEY,ISS_SELL
136,item_sunglass_b1,ESIT_Sys_ItemEquip,172,0,0,0,ESBS_I,ESPS_H,ESCS_NULL,2012_06_06,2012_12_06,5000,0,IPT_MONEY,ISS_SELL
137,item_sunglass_a1,ESIT_Sys_ItemEquip,173,0,0,0,ESBS_I,ESPS_H,ESCS_NULL,2012_06_06,2012_12_06,7000,0,IPT_MONEY,ISS_SELL
138,item_sunglass_s1,ESIT_Sys_ItemEquip,174,0,0,0,ESBS_I,ESPS_H,ESCS_NULL,2012_06_06,2012_12_06,14000,0,IPT_MONEY,ISS_SELL
139,item_eyepatch_b1,ESIT_Sys_ItemEquip,175,0,0,0,ESBS_I,ESPS_H,ESCS_NULL,2012_06_06,2012_12_06,5000,0,IPT_MONEY,ISS_SELL
140,item_eyepatch_a1,ESIT_Sys_ItemEquip,176,0,0,0,ESBS_I,ESPS_H,ESCS_NULL,2012_06_06,2012_12_06,7000,0,IPT_MONEY,ISS_SELL
141,item_eyepatch_s1,ESIT_Sys_ItemEquip,177,0,0,0,ESBS_I,ESPS_H,ESCS_NULL,2012_06_06,2012_12_06,14000,0,IPT_MONEY,ISS_SELL
142,item_beard_1,ESIT_Sys_ItemEquip,178,0,0,0,ESBS_J,ESPS_I,ESCS_NULL,2012_06_06,2012_12_06,3000,0,IPT_MONEY,ISS_SELL
143,item_beard_2,ESIT_Sys_ItemEquip,179,0,0,0,ESBS_J,ESPS_I,ESCS_NULL,2012_06_06,2012_12_06,3000,0,IPT_MONEY,ISS_SELL
144,item_beard_3,ESIT_Sys_ItemEquip,180,0,0,0,ESBS_J,ESPS_I,ESCS_NULL,2012_06_06,2012_12_06,3000,0,IPT_MONEY,ISS_SELL
145,item_beard_4,ESIT_Sys_ItemEquip,181,0,0,0,ESBS_J,ESPS_I,ESCS_NULL,2012_06_06,2012_12_06,3000,0,IPT_MONEY,ISS_SELL
146,item_beard_5,ESIT_Sys_ItemEquip,182,0,0,0,ESBS_J,ESPS_I,ESCS_NULL,2012_06_06,2012_12_06,3000,0,IPT_MONEY,ISS_SELL
147,item_beard_6,ESIT_Sys_ItemEquip,183,0,0,0,ESBS_J,ESPS_I,ESCS_NULL,2012_06_06,2012_12_06,3000,0,IPT_MONEY,ISS_SELL
148,item_beard_7,ESIT_Sys_ItemEquip,184,0,0,0,ESBS_J,ESPS_I,ESCS_NULL,2012_06_06,2012_12_06,3000,0,IPT_MONEY,ISS_SELL
149,item_beard_8,ESIT_Sys_ItemEquip,185,0,0,0,ESBS_J,ESPS_I,ESCS_NULL,2012_06_06,2012_12_06,3000,0,IPT_MONEY,ISS_SELL
150,item_beard_9,ESIT_Sys_ItemEquip,186,0,0,0,ESBS_J,ESPS_I,ESCS_NULL,2012_06_06,2012_12_06,3000,0,IPT_MONEY,ISS_SELL
151,item_beard_10,ESIT_Sys_ItemEquip,187,0,0,0,ESBS_J,ESPS_I,ESCS_NULL,2012_06_06,2012_12_06,3000,0,IPT_MONEY,ISS_SELL
152,item_hair_m_1,ESIT_Sys_ItemEquip,188,0,0,0,ESBS_J,ESPS_I,ESCS_NULL,2012_06_06,2012_12_06,5000,0,IPT_MONEY,ISS_SELL
153,item_hair_m_2,ESIT_Sys_ItemEquip,189,0,0,0,ESBS_J,ESPS_I,ESCS_NULL,2012_06_06,2012_12_06,5000,0,IPT_MONEY,ISS_SELL
154,item_hair_m_3,ESIT_Sys_ItemEquip,190,0,0,0,ESBS_J,ESPS_I,ESCS_NULL,2012_06_06,2012_12_06,5000,0,IPT_MONEY,ISS_SELL
155,item_hair_m_4,ESIT_Sys_ItemEquip,191,0,0,0,ESBS_J,ESPS_I,ESCS_NULL,2012_06_06,2012_12_06,5000,0,IPT_MONEY,ISS_SELL
156,item_hair_m_5,ESIT_Sys_ItemEquip,192,0,0,0,ESBS_J,ESPS_I,ESCS_NULL,2012_06_06,2012_12_06,5000,0,IPT_MONEY,ISS_SELL
157,item_hair_m_6,ESIT_Sys_ItemEquip,193,0,0,0,ESBS_J,ESPS_I,ESCS_NULL,2012_06_06,2012_12_06,5000,0,IPT_MONEY,ISS_SELL
158,item_hair_m_7,ESIT_Sys_ItemEquip,194,0,0,0,ESBS_J,ESPS_I,ESCS_NULL,2012_06_06,2012_12_06,5000,0,IPT_MONEY,ISS_SELL
159,item_hair_m_8,ESIT_Sys_ItemEquip,195,0,0,0,ESBS_J,ESPS_I,ESCS_NULL,2012_06_06,2012_12_06,5000,0,IPT_MONEY,ISS_SELL
160,item_hair_m_9,ESIT_Sys_ItemEquip,196,0,0,0,ESBS_J,ESPS_I,ESCS_NULL,2012_06_06,2012_12_06,5000,0,IPT_MONEY,ISS_SELL
161,item_hair_m_10,ESIT_Sys_ItemEquip,197,0,0,0,ESBS_J,ESPS_I,ESCS_NULL,2012_06_06,2012_12_06,5000,0,IPT_MONEY,ISS_SELL
162,item_hair_w_1,ESIT_Sys_ItemEquip,198,0,0,0,ESBS_J,ESPS_I,ESCS_NULL,2012_06_06,2012_12_06,30000,0,IPT_MONEY,ISS_SELL
163,item_hair_w_2,ESIT_Sys_ItemEquip,199,0,0,0,ESBS_J,ESPS_I,ESCS_NULL,2012_06_06,2012_12_06,30000,0,IPT_MONEY,ISS_SELL
164,item_hair_w_3,ESIT_Sys_ItemEquip,200,0,0,0,ESBS_J,ESPS_I,ESCS_NULL,2012_06_06,2012_12_06,30000,0,IPT_MONEY,ISS_SELL
165,item_hair_w_4,ESIT_Sys_ItemEquip,201,0,0,0,ESBS_J,ESPS_I,ESCS_NULL,2012_06_06,2012_12_06,30000,0,IPT_MONEY,ISS_SELL
166,item_hair_w_5,ESIT_Sys_ItemEquip,202,0,0,0,ESBS_J,ESPS_I,ESCS_NULL,2012_06_06,2012_12_06,30000,0,IPT_MONEY,ISS_SELL
167,item_hair_w_6,ESIT_Sys_ItemEquip,203,0,0,0,ESBS_J,ESPS_I,ESCS_NULL,2012_06_06,2012_12_06,30000,0,IPT_MONEY,ISS_SELL
168,item_hair_w_7,ESIT_Sys_ItemEquip,204,0,0,0,ESBS_J,ESPS_I,ESCS_NULL,2012_06_06,2012_12_06,30000,0,IPT_MONEY,ISS_SELL
169,item_hair_w_8,ESIT_Sys_ItemEquip,205,0,0,0,ESBS_J,ESPS_I,ESCS_NULL,2012_06_06,2012_12_06,30000,0,IPT_MONEY,ISS_SELL
170,item_hair_w_9,ESIT_Sys_ItemEquip,206,0,0,0,ESBS_J,ESPS_I,ESCS_NULL,2012_06_06,2012_12_06,30000,0,IPT_MONEY,ISS_SELL
171,item_hair_w_10,ESIT_Sys_ItemEquip,207,0,0,0,ESBS_J,ESPS_I,ESCS_NULL,2012_06_06,2012_12_06,30000,0,IPT_MONEY,ISS_SELL
172,item_patch_1,ESIT_Sys_ItemEquip,208,0,0,0,ESBS_J,ESPS_I,ESCS_NULL,2012_06_06,2012_12_06,5000,0,IPT_MONEY,ISS_SELL
173,item_patch_2,ESIT_Sys_ItemEquip,209,0,0,0,ESBS_J,ESPS_I,ESCS_NULL,2012_06_06,2012_12_06,5000,0,IPT_MONEY,ISS_SELL
174,item_patch_3,ESIT_Sys_ItemEquip,210,0,0,0,ESBS_J,ESPS_I,ESCS_NULL,2012_06_06,2012_12_06,5000,0,IPT_MONEY,ISS_SELL
175,item_patch_4,ESIT_Sys_ItemEquip,211,0,0,0,ESBS_J,ESPS_I,ESCS_NULL,2012_06_06,2012_12_06,5000,0,IPT_MONEY,ISS_SELL
176,item_patch_5,ESIT_Sys_ItemEquip,212,0,0,0,ESBS_J,ESPS_I,ESCS_NULL,2012_06_06,2012_12_06,5000,0,IPT_MONEY,ISS_SELL
177,item_patch_6,ESIT_Sys_ItemEquip,213,0,0,0,ESBS_J,ESPS_I,ESCS_NULL,2012_06_06,2012_12_06,5000,0,IPT_MONEY,ISS_SELL
178,item_patch_7,ESIT_Sys_ItemEquip,214,0,0,0,ESBS_J,ESPS_I,ESCS_NULL,2012_06_06,2012_12_06,5000,0,IPT_MONEY,ISS_SELL
179,item_patch_8,ESIT_Sys_ItemEquip,215,0,0,0,ESBS_J,ESPS_I,ESCS_NULL,2012_06_06,2012_12_06,5000,0,IPT_MONEY,ISS_SELL
180,item_patch_9,ESIT_Sys_ItemEquip,216,0,0,0,ESBS_J,ESPS_I,ESCS_NULL,2012_06_06,2012_12_06,5000,0,IPT_MONEY,ISS_SELL
181,item_patch_10,ESIT_Sys_ItemEquip,217,0,0,0,ESBS_J,ESPS_I,ESCS_NULL,2012_06_06,2012_12_06,5000,0,IPT_MONEY,ISS_SELL
182,item_mask_1,ESIT_Sys_ItemEquip,218,0,0,0,ESBS_J,ESPS_I,ESCS_NULL,2012_06_06,2012_12_06,8000,0,IPT_MONEY,ISS_SELL
183,item_mask_2,ESIT_Sys_ItemEquip,219,0,0,0,ESBS_J,ESPS_I,ESCS_NULL,2012_06_06,2012_12_06,8000,0,IPT_MONEY,ISS_SELL
184,item_mask_3,ESIT_Sys_ItemEquip,220,0,0,0,ESBS_J,ESPS_I,ESCS_NULL,2012_06_06,2012_12_06,8000,0,IPT_MONEY,ISS_SELL
185,item_mask_4,ESIT_Sys_ItemEquip,221,0,0,0,ESBS_J,ESPS_I,ESCS_NULL,2012_06_06,2012_12_06,8000,0,IPT_MONEY,ISS_SELL
186,item_mask_5,ESIT_Sys_ItemEquip,222,0,0,0,ESBS_J,ESPS_I,ESCS_NULL,2012_06_06,2012_12_06,8000,0,IPT_MONEY,ISS_SELL
187,item_backnumber,ESIT_Sys_ItemEquip,224,0,0,0,ESBS_J,ESPS_I,ESCS_NULL,2012_06_06,2012_12_06,15000,0,IPT_MONEY,ISS_SELL
188,item_marking,ESIT_Sys_ItemEquip,225,0,0,0,ESBS_J,ESPS_I,ESCS_NULL,2012_06_06,2012_12_06,15000,0,IPT_MONEY,ISS_SELL
189,item_haircolor,ESIT_Sys_ItemEquip,226,0,0,0,ESBS_J,ESPS_I,ESCS_NULL,2012_06_06,2012_12_06,5000,0,IPT_MONEY,ISS_SELL
190,ci_superpowerdrink_e,ESIT_Sys_ItemConsume,20001,0,0,0,ESBS_NULL,ESPS_NULL,ESCS_A,2012_06_06,2012_12_06,300,0,IPT_MONEY,ISS_SELL
191,ci_superpowerdrink_d,ESIT_Sys_ItemConsume,20002,0,0,0,ESBS_NULL,ESPS_NULL,ESCS_A,2012_06_06,2012_12_06,600,0,IPT_MONEY,ISS_SELL
192,ci_superpowerdrink_c,ESIT_Sys_ItemConsume,20003,0,0,0,ESBS_NULL,ESPS_NULL,ESCS_A,2012_06_06,2012_12_06,900,0,IPT_MONEY,ISS_SELL
193,ci_superpowerdrink_b,ESIT_Sys_ItemConsume,20004,0,0,0,ESBS_NULL,ESPS_NULL,ESCS_A,2012_06_06,2012_12_06,1500,0,IPT_MONEY,ISS_SELL
194,ci_superpowerdrink_a,ESIT_Sys_ItemConsume,20005,0,0,0,ESBS_NULL,ESPS_NULL,ESCS_A,2012_06_06,2012_12_06,2000,0,IPT_MONEY,ISS_SELL
195,ci_superpowerdrink_s,ESIT_Sys_ItemConsume,20006,0,0,0,ESBS_NULL,ESPS_NULL,ESCS_A,2012_06_06,2012_12_06,3000,0,IPT_MONEY,ISS_SELL
196,ci_eagleeyedrink_e,ESIT_Sys_ItemConsume,20007,0,0,0,ESBS_NULL,ESPS_NULL,ESCS_A,2012_06_06,2012_12_06,300,0,IPT_MONEY,ISS_SELL
197,ci_eagleeyedrink_d,ESIT_Sys_ItemConsume,20008,0,0,0,ESBS_NULL,ESPS_NULL,ESCS_A,2012_06_06,2012_12_06,600,0,IPT_MONEY,ISS_SELL
198,ci_eagleeyedrink_c,ESIT_Sys_ItemConsume,20009,0,0,0,ESBS_NULL,ESPS_NULL,ESCS_A,2012_06_06,2012_12_06,900,0,IPT_MONEY,ISS_SELL
199,ci_eagleeyedrink_b,ESIT_Sys_ItemConsume,20010,0,0,0,ESBS_NULL,ESPS_NULL,ESCS_A,2012_06_06,2012_12_06,1500,0,IPT_MONEY,ISS_SELL
200,ci_eagleeyedrink_a,ESIT_Sys_ItemConsume,20011,0,0,0,ESBS_NULL,ESPS_NULL,ESCS_A,2012_06_06,2012_12_06,2000,0,IPT_MONEY,ISS_SELL
201,ci_eagleeyedrink_s,ESIT_Sys_ItemConsume,20012,0,0,0,ESBS_NULL,ESPS_NULL,ESCS_A,2012_06_06,2012_12_06,3000,0,IPT_MONEY,ISS_SELL
202,ci_healthbodydrink_e,ESIT_Sys_ItemConsume,20013,0,0,0,ESBS_NULL,ESPS_NULL,ESCS_A,2012_06_06,2012_12_06,300,0,IPT_MONEY,ISS_SELL
203,ci_healthbodydrink_d,ESIT_Sys_ItemConsume,20014,0,0,0,ESBS_NULL,ESPS_NULL,ESCS_A,2012_06_06,2012_12_06,600,0,IPT_MONEY,ISS_SELL
204,ci_healthbodydrink_c,ESIT_Sys_ItemConsume,20015,0,0,0,ESBS_NULL,ESPS_NULL,ESCS_A,2012_06_06,2012_12_06,900,0,IPT_MONEY,ISS_SELL
205,ci_healthbodydrink_b,ESIT_Sys_ItemConsume,20016,0,0,0,ESBS_NULL,ESPS_NULL,ESCS_A,2012_06_06,2012_12_06,1500,0,IPT_MONEY,ISS_SELL
206,ci_healthbodydrink_a,ESIT_Sys_ItemConsume,20017,0,0,0,ESBS_NULL,ESPS_NULL,ESCS_A,2012_06_06,2012_12_06,2000,0,IPT_MONEY,ISS_SELL
207,ci_healthbodydrink_s,ESIT_Sys_ItemConsume,20018,0,0,0,ESBS_NULL,ESPS_NULL,ESCS_A,2012_06_06,2012_12_06,3000,0,IPT_MONEY,ISS_SELL
208,ci_skingrowdrink_e,ESIT_Sys_ItemConsume,20019,0,0,0,ESBS_NULL,ESPS_NULL,ESCS_A,2012_06_06,2012_12_06,300,0,IPT_MONEY,ISS_SELL
209,ci_skingrowdrink_d,ESIT_Sys_ItemConsume,20020,0,0,0,ESBS_NULL,ESPS_NULL,ESCS_A,2012_06_06,2012_12_06,600,0,IPT_MONEY,ISS_SELL
210,ci_skingrowdrink_c,ESIT_Sys_ItemConsume,20021,0,0,0,ESBS_NULL,ESPS_NULL,ESCS_A,2012_06_06,2012_12_06,900,0,IPT_MONEY,ISS_SELL
211,ci_skingrowdrink_b,ESIT_Sys_ItemConsume,20022,0,0,0,ESBS_NULL,ESPS_NULL,ESCS_A,2012_06_06,2012_12_06,1500,0,IPT_MONEY,ISS_SELL
212,ci_skingrowdrink_a,ESIT_Sys_ItemConsume,20023,0,0,0,ESBS_NULL,ESPS_NULL,ESCS_A,2012_06_06,2012_12_06,2000,0,IPT_MONEY,ISS_SELL
213,ci_skingrowdrink_s,ESIT_Sys_ItemConsume,20024,0,0,0,ESBS_NULL,ESPS_NULL,ESCS_A,2012_06_06,2012_12_06,3000,0,IPT_MONEY,ISS_SELL
214,ci_winfingerdrink_e,ESIT_Sys_ItemConsume,20025,0,0,0,ESBS_NULL,ESPS_NULL,ESCS_A,2012_06_06,2012_12_06,300,0,IPT_MONEY,ISS_SELL
215,ci_winfingerdrink_d,ESIT_Sys_ItemConsume,20026,0,0,0,ESBS_NULL,ESPS_NULL,ESCS_A,2012_06_06,2012_12_06,600,0,IPT_MONEY,ISS_SELL
216,ci_winfingerdrink_c,ESIT_Sys_ItemConsume,20027,0,0,0,ESBS_NULL,ESPS_NULL,ESCS_A,2012_06_06,2012_12_06,900,0,IPT_MONEY,ISS_SELL
217,ci_winfingerdrink_b,ESIT_Sys_ItemConsume,20028,0,0,0,ESBS_NULL,ESPS_NULL,ESCS_A,2012_06_06,2012_12_06,1500,0,IPT_MONEY,ISS_SELL
218,ci_winfingerdrink_a,ESIT_Sys_ItemConsume,20029,0,0,0,ESBS_NULL,ESPS_NULL,ESCS_A,2012_06_06,2012_12_06,2000,0,IPT_MONEY,ISS_SELL
219,ci_winfingerdrink_s,ESIT_Sys_ItemConsume,20030,0,0,0,ESBS_NULL,ESPS_NULL,ESCS_A,2012_06_06,2012_12_06,3000,0,IPT_MONEY,ISS_SELL
220,ci_bacchusf,ESIT_Sys_ItemConsume,20031,0,0,0,ESBS_NULL,ESPS_NULL,ESCS_A,2012_06_06,2012_12_06,300,0,IPT_MONEY,ISS_SELL
221,ci_bacchusd,ESIT_Sys_ItemConsume,20032,0,0,0,ESBS_NULL,ESPS_NULL,ESCS_A,2012_06_06,2012_12_06,500,0,IPT_MONEY,ISS_SELL
222,ci_charm_e,ESIT_Sys_ItemConsume,20033,0,0,0,ESBS_NULL,ESPS_NULL,ESCS_A,2012_06_06,2012_12_06,1000,0,IPT_MONEY,ISS_SELL
223,ci_charm_d,ESIT_Sys_ItemConsume,20034,0,0,0,ESBS_NULL,ESPS_NULL,ESCS_A,2012_06_06,2012_12_06,3000,0,IPT_MONEY,ISS_SELL
224,ci_charm_c,ESIT_Sys_ItemConsume,20035,0,0,0,ESBS_NULL,ESPS_NULL,ESCS_A,2012_06_06,2012_12_06,5000,0,IPT_MONEY,ISS_SELL
225,ci_charm_b,ESIT_Sys_ItemConsume,20036,0,0,0,ESBS_NULL,ESPS_NULL,ESCS_A,2012_06_06,2012_12_06,8000,0,IPT_MONEY,ISS_SELL
226,ci_charm_a,ESIT_Sys_ItemConsume,20037,0,0,0,ESBS_NULL,ESPS_NULL,ESCS_A,2012_06_06,2012_12_06,12000,0,IPT_MONEY,ISS_SELL
227,ci_charm_s,ESIT_Sys_ItemConsume,20038,0,0,0,ESBS_NULL,ESPS_NULL,ESCS_A,2012_06_06,2012_12_06,20000,0,IPT_MONEY,ISS_SELL
228,ci_audiencecry,ESIT_Sys_ItemConsume,20039,0,0,0,ESBS_NULL,ESPS_NULL,ESCS_A,2012_06_06,2012_12_06,500,0,IPT_MONEY,ISS_SELL
229,ci_rosinbag,ESIT_Sys_ItemConsume,20040,0,0,0,ESBS_NULL,ESPS_NULL,ESCS_A,2012_06_06,2012_12_06,300,0,IPT_MONEY,ISS_SELL
230,ci_gum,ESIT_Sys_ItemConsume,20041,0,0,0,ESBS_NULL,ESPS_NULL,ESCS_A,2012_06_06,2012_12_06,100,0,IPT_MONEY,ISS_SELL
231,ci_bulebull,ESIT_Sys_ItemConsume,20042,0,0,0,ESBS_NULL,ESPS_NULL,ESCS_A,2012_06_06,2012_12_06,300,0,IPT_MONEY,ISS_SELL
232,ci_cooldog,ESIT_Sys_ItemConsume,20043,0,0,0,ESBS_NULL,ESPS_NULL,ESCS_A,2012_06_06,2012_12_06,200,0,IPT_MONEY,ISS_SELL
233,ci_coolsix,ESIT_Sys_ItemConsume,20044,0,0,0,ESBS_NULL,ESPS_NULL,ESCS_A,2012_06_06,2012_12_06,100,0,IPT_MONEY,ISS_SELL
234,ci_bronzegrovetrophy,ESIT_Sys_ItemConsume,20045,0,0,0,ESBS_NULL,ESPS_NULL,ESCS_B,2012_06_06,2012_12_06,0,100,IPT_CASH,ISS_SELL
235,ci_bronzebettrophy,ESIT_Sys_ItemConsume,20046,0,0,0,ESBS_NULL,ESPS_NULL,ESCS_B,2012_06_06,2012_12_06,0,100,IPT_CASH,ISS_SELL
236,ci_silvergrovetrophy,ESIT_Sys_ItemConsume,20047,0,0,0,ESBS_NULL,ESPS_NULL,ESCS_B,2012_06_06,2012_12_06,0,300,IPT_CASH,ISS_SELL
237,ci_silverbettrophy,ESIT_Sys_ItemConsume,20048,0,0,0,ESBS_NULL,ESPS_NULL,ESCS_B,2012_06_06,2012_12_06,0,300,IPT_CASH,ISS_SELL
238,ci_goldgrovetrophy,ESIT_Sys_ItemConsume,20049,0,0,0,ESBS_NULL,ESPS_NULL,ESCS_B,2012_06_06,2012_12_06,0,400,IPT_CASH,ISS_SELL
239,ci_goldbettrophy,ESIT_Sys_ItemConsume,20050,0,0,0,ESBS_NULL,ESPS_NULL,ESCS_B,2012_06_06,2012_12_06,0,400,IPT_CASH,ISS_SELL
240,ci_legendgrovetrophy,ESIT_Sys_ItemConsume,20051,0,0,0,ESBS_NULL,ESPS_NULL,ESCS_B,2012_06_06,2012_12_06,0,500,IPT_CASH,ISS_SELL
241,ci_legendbettrophy,ESIT_Sys_ItemConsume,20052,0,0,0,ESBS_NULL,ESPS_NULL,ESCS_B,2012_06_06,2012_12_06,0,500,IPT_CASH,ISS_SELL
242,ci_maestrohand_e,ESIT_Sys_ItemConsume,20053,0,0,0,ESBS_NULL,ESPS_NULL,ESCS_C,2012_06_06,2012_12_06,300,0,IPT_MONEY,ISS_SELL
243,ci_maestrohand_d,ESIT_Sys_ItemConsume,20054,0,0,0,ESBS_NULL,ESPS_NULL,ESCS_C,2012_06_06,2012_12_06,500,0,IPT_MONEY,ISS_SELL
244,ci_maestrohand_c,ESIT_Sys_ItemConsume,20055,0,0,0,ESBS_NULL,ESPS_NULL,ESCS_C,2012_06_06,2012_12_06,1000,0,IPT_MONEY,ISS_SELL
245,ci_maestrohand_b,ESIT_Sys_ItemConsume,20056,0,0,0,ESBS_NULL,ESPS_NULL,ESCS_C,2012_06_06,2012_12_06,3000,0,IPT_MONEY,ISS_SELL
246,ci_maestrohand_a,ESIT_Sys_ItemConsume,20057,0,0,0,ESBS_NULL,ESPS_NULL,ESCS_C,2012_06_06,2012_12_06,5000,0,IPT_MONEY,ISS_SELL
247,ci_maestrohand_s,ESIT_Sys_ItemConsume,20058,0,0,0,ESBS_NULL,ESPS_NULL,ESCS_C,2012_06_06,2012_12_06,10000,0,IPT_MONEY,ISS_SELL
248,ci_supertimesteal_s_a,ESIT_Sys_ItemConsume,20059,0,0,0,ESBS_NULL,ESPS_NULL,ESCS_C,2012_06_06,2012_12_06,0,300,IPT_CASH,ISS_SELL
249,ci_supertimesteal_s_b,ESIT_Sys_ItemConsume,20060,0,0,0,ESBS_NULL,ESPS_NULL,ESCS_C,2012_06_06,2012_12_06,50000,0,IPT_MONEY,ISS_SELL
250,ci_supertimesteal_s_c,ESIT_Sys_ItemConsume,20061,0,0,0,ESBS_NULL,ESPS_NULL,ESCS_C,2012_06_06,2012_12_06,30000,0,IPT_MONEY,ISS_SELL
251,ci_goldtimesteal_ab_a,ESIT_Sys_ItemConsume,20062,0,0,0,ESBS_NULL,ESPS_NULL,ESCS_C,2012_06_06,2012_12_06,0,100,IPT_CASH,ISS_SELL
252,ci_goldtimesteal_ab_b,ESIT_Sys_ItemConsume,20063,0,0,0,ESBS_NULL,ESPS_NULL,ESCS_C,2012_06_06,2012_12_06,20000,0,IPT_MONEY,ISS_SELL
253,ci_goldtimesteal_ab_c,ESIT_Sys_ItemConsume,20064,0,0,0,ESBS_NULL,ESPS_NULL,ESCS_C,2012_06_06,2012_12_06,15000,0,IPT_MONEY,ISS_SELL
254,ci_silvtimesteal_cd_a,ESIT_Sys_ItemConsume,20065,0,0,0,ESBS_NULL,ESPS_NULL,ESCS_C,2012_06_06,2012_12_06,10000,0,IPT_MONEY,ISS_SELL
255,ci_silvtimesteal_cd_b,ESIT_Sys_ItemConsume,20066,0,0,0,ESBS_NULL,ESPS_NULL,ESCS_C,2012_06_06,2012_12_06,5000,0,IPT_MONEY,ISS_SELL
256,ci_silvtimesteal_cd_c,ESIT_Sys_ItemConsume,20067,0,0,0,ESBS_NULL,ESPS_NULL,ESCS_C,2012_06_06,2012_12_06,3000,0,IPT_MONEY,ISS_SELL
257,ci_majorexcite,ESIT_Sys_ItemConsume,20068,0,0,0,ESBS_NULL,ESPS_NULL,ESCS_D,2012_06_06,2012_12_06,30000,0,IPT_MONEY,ISS_SELL
258,ci_minorexcite,ESIT_Sys_ItemConsume,20069,0,0,0,ESBS_NULL,ESPS_NULL,ESCS_D,2012_06_06,2012_12_06,10000,0,IPT_MONEY,ISS_SELL
259,ci_rookieexcite,ESIT_Sys_ItemConsume,20070,0,0,0,ESBS_NULL,ESPS_NULL,ESCS_D,2012_06_06,2012_12_06,5000,0,IPT_MONEY,ISS_SELL
260,ci_majorregret,ESIT_Sys_ItemConsume,20071,0,0,0,ESBS_NULL,ESPS_NULL,ESCS_D,2012_06_06,2012_12_06,3000,0,IPT_MONEY,ISS_SELL
261,ci_minorregret,ESIT_Sys_ItemConsume,20072,0,0,0,ESBS_NULL,ESPS_NULL,ESCS_D,2012_06_06,2012_12_06,1000,0,IPT_MONEY,ISS_SELL
262,ci_rookieregret,ESIT_Sys_ItemConsume,20073,0,0,0,ESBS_NULL,ESPS_NULL,ESCS_D,2012_06_06,2012_12_06,500,0,IPT_MONEY,ISS_SELL
263,ci_profilechange,ESIT_Sys_ItemConsume,20074,0,0,0,ESBS_NULL,ESPS_NULL,ESCS_D,2012_06_06,2012_12_06,5000,0,IPT_MONEY,ISS_SELL
264,P_GODOFBASEBALL_S,ESIT_Sys_Package,5001,0,0,0,ESBS_NULL,ESPS_NULL,ESCS_E,2012_06_06,2012_12_06,0,5000,IPT_CASH,ISS_SELL
265,P_GODOFBASEBALL_A,ESIT_Sys_Package,5002,0,0,0,ESBS_NULL,ESPS_NULL,ESCS_E,2012_06_06,2012_12_06,0,4000,IPT_CASH,ISS_SELL
266,P_GODOFBASEBALL_B,ESIT_Sys_Package,5003,0,0,0,ESBS_NULL,ESPS_NULL,ESCS_E,2012_06_06,2012_12_06,0,3000,IPT_CASH,ISS_SELL
267,P_GODOFBASEBALL_C,ESIT_Sys_Package,5004,0,0,0,ESBS_NULL,ESPS_NULL,ESCS_E,2012_06_06,2012_12_06,0,2000,IPT_CASH,ISS_SELL
268,P_GODOFBASEBALL_D,ESIT_Sys_Package,5005,0,0,0,ESBS_NULL,ESPS_NULL,ESCS_E,2012_06_06,2012_12_06,0,1000,IPT_CASH,ISS_SELL
269,P_GODOFBASEBALL_E,ESIT_Sys_Package,5006,0,0,0,ESBS_NULL,ESPS_NULL,ESCS_E,2012_06_06,2012_12_06,0,500,IPT_CASH,ISS_SELL
270,P_FULLSET_S,ESIT_Sys_Package,5007,0,0,0,ESBS_NULL,ESPS_NULL,ESCS_E,2012_06_06,2012_12_06,0,3000,IPT_CASH,ISS_SELL
271,P_FULLSET_A,ESIT_Sys_Package,5008,0,0,0,ESBS_NULL,ESPS_NULL,ESCS_E,2012_06_06,2012_12_06,0,2000,IPT_CASH,ISS_SELL
272,P_FULLSET_B,ESIT_Sys_Package,5009,0,0,0,ESBS_NULL,ESPS_NULL,ESCS_E,2012_06_06,2012_12_06,0,1000,IPT_CASH,ISS_SELL
273,P_FULLSET_C,ESIT_Sys_Package,5010,0,0,0,ESBS_NULL,ESPS_NULL,ESCS_E,2012_06_06,2012_12_06,0,500,IPT_CASH,ISS_SELL
274,P_FULLSET_D,ESIT_Sys_Package,5011,0,0,0,ESBS_NULL,ESPS_NULL,ESCS_E,2012_06_06,2012_12_06,0,300,IPT_CASH,ISS_SELL
275,P_FULLSET_E,ESIT_Sys_Package,5012,0,0,0,ESBS_NULL,ESPS_NULL,ESCS_E,2012_06_06,2012_12_06,0,100,IPT_CASH,ISS_SELL
276,P_GOLDENBALL,ESIT_Sys_Package,5013,0,0,0,ESBS_NULL,ESPS_NULL,ESCS_E,2012_06_06,2012_12_06,0,1000,IPT_CASH,ISS_SELL
277,P_SILVERBALL,ESIT_Sys_Package,5014,0,0,0,ESBS_NULL,ESPS_NULL,ESCS_E,2012_06_06,2012_12_06,0,500,IPT_CASH,ISS_SELL
278,P_BRONZEBALL,ESIT_Sys_Package,5015,0,0,0,ESBS_NULL,ESPS_NULL,ESCS_E,2012_06_06,2012_12_06,0,100,IPT_CASH,ISS_SELL
279,item_bat_s2,ESIT_Sys_ItemEquip,8,0,0,0,ESBS_B,ESPS_NULL,ESCS_NULL,2012_06_06,2012_12_06,0,300,IPT_CASH,ISS_SELL
280,item_glove_s2,ESIT_Sys_ItemEquip,44,0,0,0,ESBS_NULL,ESPS_C,ESCS_NULL,2012_06_06,2012_12_06,0,300,IPT_CASH,ISS_SELL
281,item_shirt_m_b2,ESIT_Sys_ItemEquip,64,0,0,0,ESBS_E,ESPS_E,ESCS_NULL,2012_06_06,2012_12_06,5000,0,IPT_MONEY,ISS_SELL
282,item_shirt_m_a2,ESIT_Sys_ItemEquip,66,0,0,0,ESBS_E,ESPS_E,ESCS_NULL,2012_06_06,2012_12_06,7000,0,IPT_MONEY,ISS_SELL
283,item_shirt_m_s2,ESIT_Sys_ItemEquip,68,0,0,0,ESBS_E,ESPS_E,ESCS_NULL,2012_06_06,2012_12_06,0,300,IPT_CASH,ISS_SELL
284,item_shirt_m_s3,ESIT_Sys_ItemEquip,69,0,0,0,ESBS_E,ESPS_E,ESCS_NULL,2012_06_06,2012_12_06,0,300,IPT_CASH,ISS_SELL
285,item_pant_m_b2,ESIT_Sys_ItemEquip,75,0,0,0,ESBS_E,ESPS_E,ESCS_NULL,2012_06_06,2012_12_06,5000,0,IPT_MONEY,ISS_SELL
286,item_pant_m_a2,ESIT_Sys_ItemEquip,77,0,0,0,ESBS_E,ESPS_E,ESCS_NULL,2012_06_06,2012_12_06,7000,0,IPT_MONEY,ISS_SELL
287,item_pant_m_s2,ESIT_Sys_ItemEquip,79,0,0,0,ESBS_E,ESPS_E,ESCS_NULL,2012_06_06,2012_12_06,0,300,IPT_CASH,ISS_SELL
288,item_pant_m_s3,ESIT_Sys_ItemEquip,80,0,0,0,ESBS_E,ESPS_E,ESCS_NULL,2012_06_06,2012_12_06,0,300,IPT_CASH,ISS_SELL
289,item_shirt_w_b2,ESIT_Sys_ItemEquip,86,0,0,0,ESBS_E,ESPS_E,ESCS_NULL,2012_06_06,2012_12_06,50000,0,IPT_MONEY,ISS_SELL
290,item_shirt_w_a2,ESIT_Sys_ItemEquip,88,0,0,0,ESBS_E,ESPS_E,ESCS_NULL,2012_06_06,2012_12_06,100000,0,IPT_MONEY,ISS_SELL
291,item_shirt_w_s2,ESIT_Sys_ItemEquip,90,0,0,0,ESBS_E,ESPS_E,ESCS_NULL,2012_06_06,2012_12_06,0,300,IPT_CASH,ISS_SELL
292,item_shirt_w_s3,ESIT_Sys_ItemEquip,91,0,0,0,ESBS_E,ESPS_E,ESCS_NULL,2012_06_06,2012_12_06,0,300,IPT_CASH,ISS_SELL
293,item_pant_w_b2,ESIT_Sys_ItemEquip,97,0,0,0,ESBS_E,ESPS_E,ESCS_NULL,2012_06_06,2012_12_06,50000,0,IPT_MONEY,ISS_SELL
294,item_pant_w_a2,ESIT_Sys_ItemEquip,99,0,0,0,ESBS_E,ESPS_E,ESCS_NULL,2012_06_06,2012_12_06,100000,0,IPT_MONEY,ISS_SELL
295,item_pant_w_s2,ESIT_Sys_ItemEquip,101,0,0,0,ESBS_E,ESPS_E,ESCS_NULL,2012_06_06,2012_12_06,0,300,IPT_CASH,ISS_SELL
296,item_pant_w_s3,ESIT_Sys_ItemEquip,102,0,0,0,ESBS_E,ESPS_E,ESCS_NULL,2012_06_06,2012_12_06,0,300,IPT_CASH,ISS_SELL
297,item_helmet_s2,ESIT_Sys_ItemEquip,229,1,0,0,ESBS_A,ESPS_NULL,ESCS_NULL,2012_06_06,2012_12_06,0,500,IPT_CASH,ISS_SELL
298,item_helmet_s3,ESIT_Sys_ItemEquip,230,1,0,0,ESBS_A,ESPS_NULL,ESCS_NULL,2012_06_06,2012_12_06,0,500,IPT_CASH,ISS_SELL
299,item_helmet_s4,ESIT_Sys_ItemEquip,231,1,0,0,ESBS_A,ESPS_NULL,ESCS_NULL,2012_06_06,2012_12_06,0,500,IPT_CASH,ISS_SELL
300,item_helmet_s5,ESIT_Sys_ItemEquip,232,1,0,0,ESBS_A,ESPS_NULL,ESCS_NULL,2012_06_06,2012_12_06,0,500,IPT_CASH,ISS_SELL
301,item_helmet_s6,ESIT_Sys_ItemEquip,233,1,0,0,ESBS_A,ESPS_NULL,ESCS_NULL,2012_06_06,2012_12_06,0,500,IPT_CASH,ISS_SELL
302,item_helmet_s7,ESIT_Sys_ItemEquip,234,1,0,0,ESBS_A,ESPS_NULL,ESCS_NULL,2012_06_06,2012_12_06,0,500,IPT_CASH,ISS_SELL
303,item_helmet_s8,ESIT_Sys_ItemEquip,235,1,0,0,ESBS_A,ESPS_NULL,ESCS_NULL,2012_06_06,2012_12_06,0,500,IPT_CASH,ISS_SELL
304,item_helmet_s9,ESIT_Sys_ItemEquip,236,1,0,0,ESBS_A,ESPS_NULL,ESCS_NULL,2012_06_06,2012_12_06,0,500,IPT_CASH,ISS_SELL
305,item_cap_s2,ESIT_Sys_ItemEquip,237,1,0,0,ESBS_NULL,ESPS_A,ESCS_NULL,2012_06_06,2012_12_06,0,500,IPT_CASH,ISS_SELL
306,item_cap_s3,ESIT_Sys_ItemEquip,238,1,0,0,ESBS_NULL,ESPS_A,ESCS_NULL,2012_06_06,2012_12_06,0,500,IPT_CASH,ISS_SELL
307,item_cap_s4,ESIT_Sys_ItemEquip,239,1,0,0,ESBS_NULL,ESPS_A,ESCS_NULL,2012_06_06,2012_12_06,0,500,IPT_CASH,ISS_SELL
308,item_cap_s5,ESIT_Sys_ItemEquip,240,1,0,0,ESBS_NULL,ESPS_A,ESCS_NULL,2012_06_06,2012_12_06,0,500,IPT_CASH,ISS_SELL
309,item_cap_s6,ESIT_Sys_ItemEquip,241,1,0,0,ESBS_NULL,ESPS_A,ESCS_NULL,2012_06_06,2012_12_06,0,500,IPT_CASH,ISS_SELL
310,item_cap_s7,ESIT_Sys_ItemEquip,242,1,0,0,ESBS_NULL,ESPS_A,ESCS_NULL,2012_06_06,2012_12_06,0,500,IPT_CASH,ISS_SELL
311,item_cap_s8,ESIT_Sys_ItemEquip,243,1,0,0,ESBS_NULL,ESPS_A,ESCS_NULL,2012_06_06,2012_12_06,0,500,IPT_CASH,ISS_SELL
312,item_cap_s9,ESIT_Sys_ItemEquip,244,1,0,0,ESBS_NULL,ESPS_A,ESCS_NULL,2012_06_06,2012_12_06,0,500,IPT_CASH,ISS_SELL
313,item_shirt_m_s4,ESIT_Sys_ItemEquip,245,1,0,0,ESBS_E,ESPS_E,ESCS_NULL,2012_06_06,2012_12_06,0,500,IPT_CASH,ISS_SELL
314,item_shirt_m_s5,ESIT_Sys_ItemEquip,246,1,0,0,ESBS_E,ESPS_E,ESCS_NULL,2012_06_06,2012_12_06,0,500,IPT_CASH,ISS_SELL
315,item_shirt_m_s6,ESIT_Sys_ItemEquip,247,1,0,0,ESBS_E,ESPS_E,ESCS_NULL,2012_06_06,2012_12_06,0,500,IPT_CASH,ISS_SELL
316,item_shirt_m_s7,ESIT_Sys_ItemEquip,248,1,0,0,ESBS_E,ESPS_E,ESCS_NULL,2012_06_06,2012_12_06,0,500,IPT_CASH,ISS_SELL
317,item_shirt_m_s8,ESIT_Sys_ItemEquip,249,1,0,0,ESBS_E,ESPS_E,ESCS_NULL,2012_06_06,2012_12_06,0,500,IPT_CASH,ISS_SELL
318,item_shirt_m_s9,ESIT_Sys_ItemEquip,250,1,0,0,ESBS_E,ESPS_E,ESCS_NULL,2012_06_06,2012_12_06,0,500,IPT_CASH,ISS_SELL
319,item_shirt_m_s10,ESIT_Sys_ItemEquip,251,1,0,0,ESBS_E,ESPS_E,ESCS_NULL,2012_06_06,2012_12_06,0,500,IPT_CASH,ISS_SELL
320,item_shirt_m_s11,ESIT_Sys_ItemEquip,252,1,0,0,ESBS_E,ESPS_E,ESCS_NULL,2012_06_06,2012_12_06,0,500,IPT_CASH,ISS_SELL
321,item_shirt_m_s12,ESIT_Sys_ItemEquip,253,1,0,0,ESBS_E,ESPS_E,ESCS_NULL,2012_06_06,2012_12_06,0,500,IPT_CASH,ISS_SELL
322,item_shirt_m_s13,ESIT_Sys_ItemEquip,254,1,0,0,ESBS_E,ESPS_E,ESCS_NULL,2012_06_06,2012_12_06,0,500,IPT_CASH,ISS_SELL
323,item_shirt_m_s14,ESIT_Sys_ItemEquip,255,1,0,0,ESBS_E,ESPS_E,ESCS_NULL,2012_06_06,2012_12_06,0,500,IPT_CASH,ISS_SELL
324,item_shirt_m_s15,ESIT_Sys_ItemEquip,256,1,0,0,ESBS_E,ESPS_E,ESCS_NULL,2012_06_06,2012_12_06,0,500,IPT_CASH,ISS_SELL
325,item_shirt_m_s16,ESIT_Sys_ItemEquip,257,1,0,0,ESBS_E,ESPS_E,ESCS_NULL,2012_06_06,2012_12_06,0,500,IPT_CASH,ISS_SELL
326,item_shirt_m_s17,ESIT_Sys_ItemEquip,258,1,0,0,ESBS_E,ESPS_E,ESCS_NULL,2012_06_06,2012_12_06,0,500,IPT_CASH,ISS_SELL
327,item_shirt_m_s18,ESIT_Sys_ItemEquip,259,1,0,0,ESBS_E,ESPS_E,ESCS_NULL,2012_06_06,2012_12_06,0,500,IPT_CASH,ISS_SELL
328,item_shirt_m_s19,ESIT_Sys_ItemEquip,260,1,0,0,ESBS_E,ESPS_E,ESCS_NULL,2012_06_06,2012_12_06,0,500,IPT_CASH,ISS_SELL
329,item_shirt_w_s4,ESIT_Sys_ItemEquip,261,1,0,0,ESBS_E,ESPS_E,ESCS_NULL,2012_06_06,2012_12_06,0,500,IPT_CASH,ISS_SELL
330,item_shirt_w_s5,ESIT_Sys_ItemEquip,262,1,0,0,ESBS_E,ESPS_E,ESCS_NULL,2012_06_06,2012_12_06,0,500,IPT_CASH,ISS_SELL
331,item_shirt_w_s6,ESIT_Sys_ItemEquip,263,1,0,0,ESBS_E,ESPS_E,ESCS_NULL,2012_06_06,2012_12_06,0,500,IPT_CASH,ISS_SELL
332,item_shirt_w_s7,ESIT_Sys_ItemEquip,264,1,0,0,ESBS_E,ESPS_E,ESCS_NULL,2012_06_06,2012_12_06,0,500,IPT_CASH,ISS_SELL
333,item_shirt_w_s8,ESIT_Sys_ItemEquip,265,1,0,0,ESBS_E,ESPS_E,ESCS_NULL,2012_06_06,2012_12_06,0,500,IPT_CASH,ISS_SELL
334,item_shirt_w_s9,ESIT_Sys_ItemEquip,266,1,0,0,ESBS_E,ESPS_E,ESCS_NULL,2012_06_06,2012_12_06,0,500,IPT_CASH,ISS_SELL
335,item_shirt_w_s10,ESIT_Sys_ItemEquip,267,1,0,0,ESBS_E,ESPS_E,ESCS_NULL,2012_06_06,2012_12_06,0,500,IPT_CASH,ISS_SELL
336,item_shirt_w_s11,ESIT_Sys_ItemEquip,268,1,0,0,ESBS_E,ESPS_E,ESCS_NULL,2012_06_06,2012_12_06,0,500,IPT_CASH,ISS_SELL
337,item_shirt_w_s12,ESIT_Sys_ItemEquip,269,1,0,0,ESBS_E,ESPS_E,ESCS_NULL,2012_06_06,2012_12_06,0,500,IPT_CASH,ISS_SELL
338,item_shirt_w_s13,ESIT_Sys_ItemEquip,270,1,0,0,ESBS_E,ESPS_E,ESCS_NULL,2012_06_06,2012_12_06,0,500,IPT_CASH,ISS_SELL
339,item_shirt_w_s14,ESIT_Sys_ItemEquip,271,1,0,0,ESBS_E,ESPS_E,ESCS_NULL,2012_06_06,2012_12_06,0,500,IPT_CASH,ISS_SELL
340,item_shirt_w_s15,ESIT_Sys_ItemEquip,272,1,0,0,ESBS_E,ESPS_E,ESCS_NULL,2012_06_06,2012_12_06,0,500,IPT_CASH,ISS_SELL
341,item_shirt_w_s16,ESIT_Sys_ItemEquip,273,1,0,0,ESBS_E,ESPS_E,ESCS_NULL,2012_06_06,2012_12_06,0,500,IPT_CASH,ISS_SELL
342,item_shirt_w_s17,ESIT_Sys_ItemEquip,274,1,0,0,ESBS_E,ESPS_E,ESCS_NULL,2012_06_06,2012_12_06,0,500,IPT_CASH,ISS_SELL
343,item_shirt_w_s18,ESIT_Sys_ItemEquip,275,1,0,0,ESBS_E,ESPS_E,ESCS_NULL,2012_06_06,2012_12_06,0,500,IPT_CASH,ISS_SELL
344,item_shirt_w_s19,ESIT_Sys_ItemEquip,276,1,0,0,ESBS_E,ESPS_E,ESCS_NULL,2012_06_06,2012_12_06,0,500,IPT_CASH,ISS_SELL
345,item_pant_m_s4,ESIT_Sys_ItemEquip,277,1,0,0,ESBS_E,ESPS_E,ESCS_NULL,2012_06_06,2012_12_06,0,500,IPT_CASH,ISS_SELL
346,item_pant_m_s5,ESIT_Sys_ItemEquip,278,1,0,0,ESBS_E,ESPS_E,ESCS_NULL,2012_06_06,2012_12_06,0,500,IPT_CASH,ISS_SELL
347,item_pant_m_s6,ESIT_Sys_ItemEquip,279,1,0,0,ESBS_E,ESPS_E,ESCS_NULL,2012_06_06,2012_12_06,0,500,IPT_CASH,ISS_SELL
348,item_pant_m_s7,ESIT_Sys_ItemEquip,280,1,0,0,ESBS_E,ESPS_E,ESCS_NULL,2012_06_06,2012_12_06,0,500,IPT_CASH,ISS_SELL
349,item_pant_m_s8,ESIT_Sys_ItemEquip,281,1,0,0,ESBS_E,ESPS_E,ESCS_NULL,2012_06_06,2012_12_06,0,500,IPT_CASH,ISS_SELL
350,item_pant_m_s9,ESIT_Sys_ItemEquip,282,1,0,0,ESBS_E,ESPS_E,ESCS_NULL,2012_06_06,2012_12_06,0,500,IPT_CASH,ISS_SELL
351,item_pant_m_s10,ESIT_Sys_ItemEquip,283,1,0,0,ESBS_E,ESPS_E,ESCS_NULL,2012_06_06,2012_12_06,0,500,IPT_CASH,ISS_SELL
352,item_pant_m_s11,ESIT_Sys_ItemEquip,284,1,0,0,ESBS_E,ESPS_E,ESCS_NULL,2012_06_06,2012_12_06,0,500,IPT_CASH,ISS_SELL
353,item_pant_m_s12,ESIT_Sys_ItemEquip,285,1,0,0,ESBS_E,ESPS_E,ESCS_NULL,2012_06_06,2012_12_06,0,500,IPT_CASH,ISS_SELL
354,item_pant_m_s13,ESIT_Sys_ItemEquip,286,1,0,0,ESBS_E,ESPS_E,ESCS_NULL,2012_06_06,2012_12_06,0,500,IPT_CASH,ISS_SELL
355,item_pant_m_s14,ESIT_Sys_ItemEquip,287,1,0,0,ESBS_E,ESPS_E,ESCS_NULL,2012_06_06,2012_12_06,0,500,IPT_CASH,ISS_SELL
356,item_pant_m_s15,ESIT_Sys_ItemEquip,288,1,0,0,ESBS_E,ESPS_E,ESCS_NULL,2012_06_06,2012_12_06,0,500,IPT_CASH,ISS_SELL
357,item_pant_m_s16,ESIT_Sys_ItemEquip,289,1,0,0,ESBS_E,ESPS_E,ESCS_NULL,2012_06_06,2012_12_06,0,500,IPT_CASH,ISS_SELL
358,item_pant_m_s17,ESIT_Sys_ItemEquip,290,1,0,0,ESBS_E,ESPS_E,ESCS_NULL,2012_06_06,2012_12_06,0,500,IPT_CASH,ISS_SELL
359,item_pant_m_s18,ESIT_Sys_ItemEquip,291,1,0,0,ESBS_E,ESPS_E,ESCS_NULL,2012_06_06,2012_12_06,0,500,IPT_CASH,ISS_SELL
360,item_pant_m_s19,ESIT_Sys_ItemEquip,292,1,0,0,ESBS_E,ESPS_E,ESCS_NULL,2012_06_06,2012_12_06,0,500,IPT_CASH,ISS_SELL
361,item_pant_w_s4,ESIT_Sys_ItemEquip,293,1,0,0,ESBS_E,ESPS_E,ESCS_NULL,2012_06_06,2012_12_06,0,500,IPT_CASH,ISS_SELL
362,item_pant_w_s5,ESIT_Sys_ItemEquip,294,1,0,0,ESBS_E,ESPS_E,ESCS_NULL,2012_06_06,2012_12_06,0,500,IPT_CASH,ISS_SELL
363,item_pant_w_s6,ESIT_Sys_ItemEquip,295,1,0,0,ESBS_E,ESPS_E,ESCS_NULL,2012_06_06,2012_12_06,0,500,IPT_CASH,ISS_SELL
364,item_pant_w_s7,ESIT_Sys_ItemEquip,296,1,0,0,ESBS_E,ESPS_E,ESCS_NULL,2012_06_06,2012_12_06,0,500,IPT_CASH,ISS_SELL
365,item_pant_w_s8,ESIT_Sys_ItemEquip,297,1,0,0,ESBS_E,ESPS_E,ESCS_NULL,2012_06_06,2012_12_06,0,500,IPT_CASH,ISS_SELL
366,item_pant_w_s9,ESIT_Sys_ItemEquip,298,1,0,0,ESBS_E,ESPS_E,ESCS_NULL,2012_06_06,2012_12_06,0,500,IPT_CASH,ISS_SELL
367,item_pant_w_s10,ESIT_Sys_ItemEquip,299,1,0,0,ESBS_E,ESPS_E,ESCS_NULL,2012_06_06,2012_12_06,0,500,IPT_CASH,ISS_SELL
368,item_pant_w_s11,ESIT_Sys_ItemEquip,300,1,0,0,ESBS_E,ESPS_E,ESCS_NULL,2012_06_06,2012_12_06,0,500,IPT_CASH,ISS_SELL
369,item_pant_w_s12,ESIT_Sys_ItemEquip,301,1,0,0,ESBS_E,ESPS_E,ESCS_NULL,2012_06_06,2012_12_06,0,500,IPT_CASH,ISS_SELL
370,item_pant_w_s13,ESIT_Sys_ItemEquip,302,1,0,0,ESBS_E,ESPS_E,ESCS_NULL,2012_06_06,2012_12_06,0,500,IPT_CASH,ISS_SELL
371,item_pant_w_s14,ESIT_Sys_ItemEquip,303,1,0,0,ESBS_E,ESPS_E,ESCS_NULL,2012_06_06,2012_12_06,0,500,IPT_CASH,ISS_SELL
372,item_pant_w_s15,ESIT_Sys_ItemEquip,304,1,0,0,ESBS_E,ESPS_E,ESCS_NULL,2012_06_06,2012_12_06,0,500,IPT_CASH,ISS_SELL
373,item_pant_w_s16,ESIT_Sys_ItemEquip,305,1,0,0,ESBS_E,ESPS_E,ESCS_NULL,2012_06_06,2012_12_06,0,500,IPT_CASH,ISS_SELL
374,item_pant_w_s17,ESIT_Sys_ItemEquip,306,1,0,0,ESBS_E,ESPS_E,ESCS_NULL,2012_06_06,2012_12_06,0,500,IPT_CASH,ISS_SELL
375,item_pant_w_s18,ESIT_Sys_ItemEquip,307,1,0,0,ESBS_E,ESPS_E,ESCS_NULL,2012_06_06,2012_12_06,0,500,IPT_CASH,ISS_SELL
376,item_pant_w_s19,ESIT_Sys_ItemEquip,308,1,0,0,ESBS_E,ESPS_E,ESCS_NULL,2012_06_06,2012_12_06,0,500,IPT_CASH,ISS_SELL
377,item_undershirt_m_s2,ESIT_Sys_ItemEquip,309,1,0,0,ESBS_E,ESPS_E,ESCS_NULL,2012_06_06,2012_12_06,0,300,IPT_CASH,ISS_SELL
378,item_undershirt_m_s3,ESIT_Sys_ItemEquip,310,1,0,0,ESBS_E,ESPS_E,ESCS_NULL,2012_06_06,2012_12_06,0,300,IPT_CASH,ISS_SELL
379,item_undershirt_m_s4,ESIT_Sys_ItemEquip,311,1,0,0,ESBS_E,ESPS_E,ESCS_NULL,2012_06_06,2012_12_06,0,300,IPT_CASH,ISS_SELL
380,item_undershirt_m_s5,ESIT_Sys_ItemEquip,312,1,0,0,ESBS_E,ESPS_E,ESCS_NULL,2012_06_06,2012_12_06,0,300,IPT_CASH,ISS_SELL
381,item_undershirt_w_s2,ESIT_Sys_ItemEquip,313,1,0,0,ESBS_E,ESPS_E,ESCS_NULL,2012_06_06,2012_12_06,0,300,IPT_CASH,ISS_SELL
382,item_undershirt_w_s3,ESIT_Sys_ItemEquip,314,1,0,0,ESBS_E,ESPS_E,ESCS_NULL,2012_06_06,2012_12_06,0,300,IPT_CASH,ISS_SELL
383,item_undershirt_w_s4,ESIT_Sys_ItemEquip,315,1,0,0,ESBS_E,ESPS_E,ESCS_NULL,2012_06_06,2012_12_06,0,300,IPT_CASH,ISS_SELL
384,item_undershirt_w_s5,ESIT_Sys_ItemEquip,316,1,0,0,ESBS_E,ESPS_E,ESCS_NULL,2012_06_06,2012_12_06,0,300,IPT_CASH,ISS_SELL
